100,25,50,18.016216,8.25,1,2,2
freq,site_01,site_02,site_03,site_04,site_05,site_06,site_07,site_08,site_09,site_10,site_11,site_12,site_13,site_14,site_15,site_16,site_17,site_18,site_19,site_20,site_21,site_22,site_23,site_24,site_25
0.100000,8.031572e+16,1.508566e+17,1.050133e+17,7.280760e+16,8.672608e+16,8.596347e+16,8.145120e+16,6.142138e+16,6.797609e+16,5.649662e+16,4.434769e+16,3.012117e+16,3.262866e+16,2.816488e+16,3.693779e+16,2.612469e+16,3.435655e+16,1.897213e+16,1.281935e+16,2.109133e+16,1.363034e+16,2.386986e+16,1.827201e+16,1.368758e+16,1.401953e+16
0.106000,3.900531e+16,3.203058e+16,2.664869e+16,2.137816e+16,2.308114e+16,9.401721e+15,2.147859e+16,1.877103e+16,1.743534e+16,1.154439e+16,1.675201e+16,9.861099e+15,7.354984e+15,8.456081e+15,7.867973e+15,7.785354e+15,6.694607e+15,7.611681e+15,5.580754e+15,6.983682e+15,2.992307e+15,6.138634e+15,6.803274e+15,3.418013e+15,4.848589e+15
0.113000,2.884124e+16,2.729691e+16,2.742253e+16,3.263542e+16,2.625284e+16,1.948972e+16,1.750210e+16,1.558650e+16,1.151957e+16,1.274407e+16,8.109962e+15,1.087484e+16,1.025050e+16,1.140213e+16,8.070379e+15,7.287346e+15,8.962610e+15,6.208804e+15,3.665670e+15,5.628799e+15,4.301250e+15,3.173988e+15,4.132237e+15,3.679143e+15,3.754833e+15
0.121000,6.099167e+16,5.923598e+16,6.341567e+16,6.299268e+16,3.212531e+16,4.211366e+16,4.245575e+16,3.249395e+16,3.717754e+16,3.863746e+16,3.975209e+16,3.394003e+16,2.808407e+16,1.615178e+16,2.343425e+16,1.303648e+16,1.953756e+16,1.449346e+16,2.027122e+16,1.169795e+16,1.124054e+16,1.244806e+16,9.653377e+15,9.583734e+15,9.466336e+15
0.129000,1.353882e+17,8.621109e+16,1.172715e+17,4.312437e+16,9.735353e+16,8.146940e+16,5.180009e+16,4.568136e+16,4.799753e+16,2.665407e+16,3.021865e+16,3.045966e+16,3.399848e+16,4.617972e+16,2.933149e+16,2.974676e+16,2.109237e+16,3.710096e+16,2.465792e+16,1.485746e+16,1.484154e+16,2.314842e+16,2.061746e+16,1.345175e+16,1.437610e+16
0.137000,5.580254e+16,6.713564e+16,4.412109e+16,5.056938e+16,3.170425e+16,4.355096e+16,4.196671e+16,2.619095e+16,2.179629e+16,3.436361e+16,2.405456e+16,2.191973e+16,1.510201e+16,2.873340e+16,1.739995e+16,1.887965e+16,1.202075e+16,1.109044e+16,1.508493e+16,1.103082e+16,6.149026e+15,5.343014e+15,1.230108e+16,6.573511e+15,6.609088e+15
0.146000,2.286531e+16,2.356847e+16,1.176165e+16,1.209222e+16,2.008925e+16,1.323345e+16,9.560345e+15,1.479591e+16,1.217938e+16,9.561957e+15,1.094073e+16,8.024630e+15,7.377641e+15,1.085753e+16,5.547271e+15,4.217114e+15,5.150121e+15,4.331740e+15,3.376538e+15,3.410905e+15,1.521822e+15,3.220177e+15,3.653815e+15,2.742949e+15,2.715552e+15
0.155000,1.692101e+17,1.082581e+17,1.005726e+17,1.003509e+17,9.814580e+16,1.047662e+17,1.148511e+17,9.574061e+16,3.999079e+16,8.401817e+16,5.238674e+16,4.772229e+16,5.928614e+16,6.491297e+16,3.969004e+16,3.537032e+16,4.217209e+16,1.972638e+16,1.963190e+16,2.697135e+16,2.343337e+16,1.968993e+16,1.582393e+16,2.309460e+16,2.696974e+16
0.165000,4.388777e+16,6.154598e+16,3.412707e+16,3.981807e+16,4.189824e+16,3.364150e+16,3.562365e+16,2.863445e+16,1.870060e+16,2.119327e+16,2.059545e+16,2.013552e+16,1.124984e+16,1.068152e+16,2.061861e+16,1.152553e+16,1.573809e+16,1.166052e+16,1.044234e+16,9.807254e+15,5.733702e+15,9.035440e+15,1.397469e+16,1.027786e+16,7.562187e+15
0.176000,8.066497e+16,6.898195e+16,7.616403e+16,5.947370e+16,5.014866e+16,3.923057e+16,3.869303e+16,3.473885e+16,3.443098e+16,5.473622e+16,3.572667e+16,2.887779e+16,2.531795e+16,3.383071e+16,2.165261e+16,1.103530e+16,1.443371e+16,2.001047e+16,1.603597e+16,1.213089e+16,1.088008e+16,8.735687e+15,9.982968e+15,8.162565e+15,9.720290e+15
0.187000,1.767763e+17,1.431635e+17,1.538244e+17,1.701671e+17,2.073070e+17,8.525303e+16,7.721694e+16,1.030162e+17,1.197625e+17,5.016240e+16,5.263784e+16,5.845942e+16,5.879944e+16,5.220317e+16,5.887643e+16,5.606082e+16,2.423027e+16,4.075485e+16,2.918116e+16,3.327201e+16,2.349908e+16,1.735595e+16,2.133338e+16,2.877507e+16,1.941627e+16
0.199000,1.484940e+17,1.026215e+17,1.372321e+17,8.273559e+16,1.345739e+17,1.086423e+17,9.844445e+16,5.503534e+16,9.733506e+16,8.082190e+16,8.491225e+16,4.509967e+16,4.705021e+16,5.882283e+16,6.818770e+16,4.520120e+16,3.646973e+16,2.613476e+16,2.050816e+16,2.202263e+16,1.874346e+16,1.839234e+16,2.346868e+16,1.726914e+16,2.136356e+16
0.212000,3.294054e+17,3.181930e+17,2.308547e+17,2.882893e+17,3.191116e+17,1.305897e+17,1.116145e+17,1.171113e+17,1.309871e+17,9.830959e+16,1.784120e+17,1.004598e+17,1.053226e+17,9.883767e+16,1.314665e+17,9.817056e+16,9.354028e+16,4.249723e+16,8.762117e+16,6.137943e+16,3.432145e+16,3.916276e+16,4.123469e+16,1.830204e+16,3.227200e+16
0.226000,8.912761e+16,7.111936e+16,9.107591e+16,6.963587e+16,1.191615e+17,6.468212e+16,5.020765e+16,4.466027e+16,3.634623e+16,6.690636e+16,4.396930e+16,3.809126e+16,2.879355e+16,3.608182e+16,1.651609e+16,2.341177e+16,1.821657e+16,8.497374e+15,1.458940e+16,1.707005e+16,1.790814e+16,1.188425e+16,1.141629e+16,8.405998e+15,1.336099e+16
0.241000,1.743170e+17,1.801990e+17,2.267884e+17,1.287139e+17,1.524513e+17,7.897093e+16,1.273207e+17,8.900608e+16,7.487801e+16,9.589318e+16,9.550287e+16,4.364218e+16,5.278614e+16,6.078861e+16,3.469499e+16,3.306422e+16,3.020587e+16,4.497419e+16,1.943775e+16,1.800640e+16,1.863391e+16,2.407344e+16,2.174105e+16,1.125942e+16,1.822541e+16
0.256000,2.833185e+17,2.541551e+17,2.915680e+17,2.265536e+17,2.643785e+17,1.340785e+17,1.234705e+17,1.303233e+17,1.269296e+17,7.454108e+16,1.056699e+17,5.761072e+16,6.853818e+16,7.892629e+16,9.026943e+16,4.777532e+16,5.127227e+16,3.474339e+16,5.066087e+16,3.939100e+16,3.291803e+16,2.829841e+16,3.887160e+16,1.629855e+16,2.937146e+16
0.273000,1.050694e+17,1.454669e+17,2.177555e+17,1.118438e+17,1.465198e+17,1.216165e+17,1.274759e+17,8.628248e+16,8.970838e+16,7.876119e+16,5.067194e+16,6.069675e+16,8.405082e+16,5.613761e+16,5.651436e+16,5.490619e+16,4.019142e+16,3.207357e+16,1.998999e+16,3.050012e+16,2.884014e+16,2.263489e+16,1.671928e+16,2.727853e+16,2.375722e+16
0.291000,3.561725e+16,2.482503e+16,3.262262e+16,1.545048e+16,2.443365e+16,1.096849e+16,9.619929e+15,1.163059e+16,1.666054e+16,1.338812e+16,1.163829e+16,1.150613e+16,9.475276e+15,1.004150e+16,9.998810e+15,7.908871e+15,6.660924e+15,6.127632e+15,4.897784e+15,4.484880e+15,3.034298e+15,2.026055e+15,2.528548e+15,2.623950e+15,3.003934e+15
0.310000,8.646990e+16,9.004592e+16,1.044785e+17,7.257847e+16,5.264762e+16,6.458353e+16,5.139659e+16,5.361286e+16,3.704257e+16,6.151750e+16,4.815254e+16,4.433629e+16,3.688838e+16,5.335465e+16,3.071287e+16,2.163091e+16,1.484849e+16,2.305415e+16,1.163211e+16,1.519444e+16,1.608900e+16,1.651681e+16,1.657903e+16,1.409890e+16,7.419411e+15
0.330000,4.487504e+16,4.768133e+16,3.766061e+16,4.916118e+16,2.566061e+16,2.276164e+16,1.823614e+16,2.500017e+16,1.981058e+16,2.778378e+16,2.098821e+16,1.561261e+16,9.343719e+15,1.787364e+16,8.567417e+15,8.374214e+15,7.496551e+15,7.976110e+15,6.624918e+15,7.665577e+15,4.301493e+15,6.316751e+15,5.026375e+15,6.798764e+15,3.710257e+15
0.351000,2.980661e+16,2.458991e+16,5.030058e+16,1.305920e+16,2.368626e+16,2.708447e+16,1.008644e+16,1.059858e+16,1.638034e+16,2.488412e+16,1.570124e+16,9.316811e+15,9.729139e+15,1.440249e+16,1.123008e+16,7.261410e+15,8.433764e+15,4.734388e+15,6.369788e+15,8.813006e+15,5.830949e+15,6.380842e+15,6.618099e+15,4.288152e+15,3.467412e+15
0.374000,9.737513e+16,1.287955e+17,9.637013e+16,8.694920e+16,9.370259e+16,9.898073e+16,6.741874e+16,5.809286e+16,5.087271e+16,7.052302e+16,4.445528e+16,6.941701e+16,3.454185e+16,3.780992e+16,4.751602e+16,2.222315e+16,2.895256e+16,3.031168e+16,2.301525e+16,2.004755e+16,9.842190e+15,2.639243e+16,1.609014e+16,1.355778e+16,1.016818e+16
0.398000,3.964058e+16,3.454818e+16,4.925810e+16,3.886718e+16,3.658686e+16,2.098587e+16,3.682097e+16,2.638083e+16,1.302126e+16,3.293039e+16,2.480940e+16,1.762812e+16,7.018334e+15,2.079204e+16,2.131465e+16,7.650691e+15,9.890522e+15,9.949443e+15,8.457872e+15,6.222515e+15,5.310060e+15,5.438851e+15,5.938997e+15,5.465928e+15,5.408819e+15
0.424000,1.301147e+17,1.802135e+17,1.764409e+17,1.088704e+17,1.485789e+17,9.746181e+16,1.076132e+17,9.978339e+16,8.299142e+16,1.283870e+17,6.453854e+16,6.345230e+16,6.174588e+16,7.637017e+16,5.069197e+16,3.545327e+16,3.027643e+16,3.960435e+16,3.142706e+16,2.130981e+16,2.454703e+16,1.743550e+16,2.152978e+16,1.957787e+16,1.972858e+16
0.451000,4.490039e+16,4.693629e+16,6.395040e+16,3.226772e+16,4.285156e+16,2.144060e+16,3.396486e+16,2.497344e+16,2.379810e+16,2.955976e+16,2.322729e+16,1.547778e+16,1.339205e+16,2.274717e+16,1.514367e+16,1.044486e+16,9.951188e+15,1.043323e+16,5.944516e+15,8.762568e+15,8.407568e+15,7.080818e+15,6.031398e+15,6.562353e+15,6.338680e+15
0.480000,1.650873e+17,1.306571e+17,9.160190e+16,1.341786e+17,1.024935e+17,9.503022e+16,7.046846e+16,8.453169e+16,5.877451e+16,5.394410e+16,6.574304e+16,2.302343e+16,3.235674e+16,6.839139e+16,4.750060e+16,2.037806e+16,1.576280e+16,2.284486e+16,1.827531e+16,1.729431e+16,1.990990e+16,1.997187e+16,1.182666e+16,1.190045e+16,1.175623e+16
0.511000,9.188433e+15,7.781983e+15,5.864387e+15,4.920845e+15,4.065443e+15,5.951433e+15,3.273069e+15,2.589993e+15,3.519954e+15,3.567934e+15,1.749260e+15,1.482491e+15,2.742710e+15,2.705207e+15,2.842285e+15,1.559753e+15,1.214148e+15,1.490391e+15,1.471949e+15,8.353597e+14,9.811450e+14,7.135359e+14,9.733651e+14,7.425741e+14,4.725473e+14
0.545000,2.479098e+16,2.551784e+16,2.347902e+16,1.951806e+16,1.696121e+16,1.447656e+16,1.024190e+16,1.454259e+16,1.104442e+16,1.641187e+16,8.735739e+15,4.703039e+15,5.362928e+15,1.318219e+16,1.107392e+16,5.202114e+15,2.680485e+15,4.684550e+15,2.427922e+15,2.976091e+15,2.816297e+15,2.055685e+15,2.554954e+15,2.130237e+15,2.529495e+15
0.580000,1.215497e+16,1.038713e+16,7.762819e+15,6.996909e+15,6.040237e+15,6.487878e+15,3.269150e+15,4.970075e+15,6.100529e+15,8.310077e+15,3.384579e+15,3.702832e+15,3.263486e+15,4.030216e+15,4.444165e+15,2.070489e+15,1.824354e+15,1.675893e+15,1.360484e+15,9.589582e+14,6.178888e+14,1.315238e+15,1.329041e+15,1.235833e+15,9.800630e+14
0.617000,3.153618e+16,2.242143e+16,3.987661e+16,2.609898e+16,3.564726e+16,2.182557e+16,2.335205e+16,1.764989e+16,1.964220e+16,3.707231e+16,1.690513e+16,1.209029e+16,9.681406e+15,2.755262e+16,1.216490e+16,4.028699e+15,6.224708e+15,6.891231e+15,5.297021e+15,3.719080e+15,4.158215e+15,4.541883e+15,3.658202e+15,1.947272e+15,3.759210e+15
0.657000,3.437727e+16,3.552974e+16,3.591513e+16,2.878457e+16,2.863892e+16,2.231173e+16,2.466660e+16,1.226551e+16,1.230793e+16,4.396168e+16,1.621048e+16,1.093451e+16,1.211103e+16,2.771710e+16,1.596965e+16,8.402410e+15,7.505172e+15,4.706068e+15,6.364361e+15,3.688302e+15,2.797225e+15,2.856229e+15,3.244299e+15,3.572475e+15,3.328522e+15
0.700000,2.365725e+16,1.843806e+16,1.661345e+16,1.067488e+16,8.468229e+15,8.915591e+15,8.947655e+15,1.028784e+16,7.742432e+15,2.276838e+16,9.325466e+15,2.676744e+15,4.942841e+15,1.746141e+16,9.132992e+15,3.298761e+15,3.122915e+15,3.918638e+15,2.863511e+15,2.638859e+15,2.321237e+15,1.815548e+15,1.766093e+15,1.711171e+15,1.606575e+15
0.745000,4.256032e+15,4.959119e+15,5.146875e+15,4.580947e+15,3.374595e+15,2.172536e+15,2.505610e+15,4.159612e+15,1.728325e+15,1.007258e+16,2.607175e+15,1.680918e+15,6.982316e+14,5.042167e+15,2.288699e+15,6.774067e+14,1.096006e+15,6.005343e+14,5.892999e+14,7.625946e+14,4.520472e+14,4.457097e+14,3.855486e+14,4.609107e+14,4.223803e+14
0.794000,1.525523e+16,8.348877e+15,1.139164e+16,1.637100e+16,7.421990e+15,6.576994e+15,9.130514e+15,9.579816e+15,5.072353e+15,3.646030e+16,6.330123e+15,2.842429e+15,3.530582e+15,2.480244e+16,7.448863e+15,1.523136e+15,2.066690e+15,2.747129e+15,2.031984e+15,1.429994e+15,8.117568e+14,1.349603e+15,9.304672e+14,1.251392e+15,9.689335e+14
0.845000,1.587226e+16,1.932233e+16,9.766737e+15,9.315987e+15,1.585507e+16,1.106579e+16,7.770516e+15,1.155740e+16,7.210055e+15,3.405296e+16,5.945192e+15,4.745514e+15,1.867845e+15,1.881898e+16,1.247171e+16,3.648151e+15,3.162158e+15,2.140613e+15,2.369869e+15,1.548835e+15,1.994041e+15,1.186018e+15,1.639954e+15,1.440537e+15,1.385845e+15
0.900000,1.372461e+16,1.171372e+16,1.254121e+16,8.872710e+15,7.877211e+15,6.657864e+15,6.007282e+15,7.523862e+15,6.221966e+15,1.825836e+16,7.356759e+15,3.746171e+15,2.594963e+15,9.173191e+15,1.005902e+16,1.717726e+15,2.188587e+15,1.266371e+15,1.490999e+15,1.745388e+15,1.219953e+15,1.010635e+15,8.405086e+14,1.069581e+15,7.829251e+14
0.958000,6.779336e+15,6.357678e+15,3.618944e+15,2.884093e+15,4.004813e+15,3.854494e+15,3.178681e+15,6.050142e+15,2.648253e+15,5.899415e+15,2.650043e+15,1.713483e+15,1.563665e+15,4.825106e+15,7.240727e+15,1.221831e+15,8.800805e+14,1.260361e+15,8.157000e+14,5.313276e+14,6.705587e+14,6.027615e+14,6.708607e+14,6.840941e+14,6.009894e+14
1.020000,1.793548e+16,1.594619e+16,1.986643e+16,1.061307e+16,2.402410e+16,1.211059e+16,1.307882e+16,2.556125e+16,7.470342e+15,1.796654e+16,9.435480e+15,5.504129e+15,4.133965e+15,1.534331e+16,1.768545e+16,2.645515e+15,2.831790e+15,3.950161e+15,2.176144e+15,2.074271e+15,2.195407e+15,1.902348e+15,2.203570e+15,1.308803e+15,1.520636e+15
1.086000,1.353937e+16,1.573344e+16,1.651673e+16,1.327503e+16,1.094094e+16,1.305919e+16,8.135525e+15,1.932319e+16,7.737745e+15,1.179109e+16,9.573351e+15,7.488187e+15,3.713247e+15,7.019829e+15,1.487100e+16,2.765760e+15,2.759794e+15,2.488578e+15,1.724894e+15,2.034162e+15,1.307151e+15,1.014800e+15,1.459286e+15,1.467041e+15,1.000386e+15
1.157000,9.599461e+15,1.535955e+16,1.727872e+16,1.363512e+16,1.198562e+16,1.096657e+16,7.058556e+15,1.747250e+16,8.960111e+15,7.531386e+15,6.091417e+15,4.565176e+15,2.778380e+15,6.261491e+15,9.685835e+15,1.720772e+15,2.876809e+15,1.735418e+15,1.777278e+15,1.743750e+15,1.761328e+15,1.391383e+15,1.010187e+15,1.004771e+15,1.197807e+15
1.232000,7.038407e+14,7.801722e+14,4.281971e+14,6.656305e+14,5.098725e+14,6.383459e+14,4.330884e+14,8.616825e+14,3.031396e+14,4.144433e+14,3.232580e+14,3.561476e+14,2.012835e+14,2.644347e+14,3.569840e+14,1.727155e+14,7.095674e+13,8.834965e+13,1.252201e+14,1.211015e+14,8.151093e+13,5.160625e+13,5.894634e+13,6.417050e+13,2.879647e+13
1.311000,5.172212e+15,5.727668e+15,4.395956e+15,5.056749e+15,3.051109e+15,4.042836e+15,2.381196e+15,1.049979e+16,2.199529e+15,2.399626e+15,2.771830e+15,2.117619e+15,1.738939e+15,1.015778e+15,1.912015e+15,8.629575e+14,1.049530e+15,6.703791e+14,6.458014e+14,4.203651e+14,4.344149e+14,4.743798e+14,6.359743e+14,4.233378e+14,3.103354e+14
1.396000,2.096519e+15,2.967696e+15,2.158620e+15,2.233198e+15,1.545995e+15,1.658304e+15,1.160330e+15,3.548760e+15,1.343721e+15,1.089981e+15,9.927338e+14,9.795797e+14,7.309907e+14,4.922595e+14,1.211417e+15,4.027732e+14,4.055285e+14,3.267468e+14,3.402367e+14,3.165038e+14,2.212506e+14,2.493051e+14,2.047594e+14,1.845236e+14,1.937741e+14
1.487000,9.948256e+15,1.138738e+16,1.181808e+16,1.470676e+16,1.028621e+16,7.839624e+15,9.489257e+15,9.160180e+15,5.221237e+15,3.757870e+15,6.637456e+15,5.304144e+15,2.455936e+15,2.262236e+15,3.361356e+15,3.405038e+15,2.134632e+15,8.683915e+14,1.728956e+15,1.440594e+15,6.781200e+14,6.755211e+14,9.024967e+14,1.019066e+15,1.012312e+15
1.583000,1.080778e+16,1.038446e+16,1.105092e+16,9.355732e+15,8.773422e+15,5.994072e+15,5.897756e+15,8.115691e+15,7.642008e+15,4.353645e+15,6.514170e+15,3.127514e+15,2.252099e+15,2.143284e+15,3.224913e+15,1.585220e+15,1.091793e+15,1.489370e+15,5.916145e+14,9.084244e+14,9.550344e+14,7.006040e+14,9.605413e+14,9.271675e+14,7.002703e+14
1.686000,3.901069e+15,4.162664e+15,4.188012e+15,2.933253e+15,2.946658e+15,2.795124e+15,2.335600e+15,1.064323e+15,2.320756e+15,8.719253e+14,1.900084e+15,9.753121e+14,8.520421e+14,9.765601e+14,6.056630e+14,3.947171e+14,5.867399e+14,3.937357e+14,3.967777e+14,2.850888e+14,2.110330e+14,3.607768e+14,2.434863e+14,2.344239e+14,1.622220e+14
1.795000,1.568461e+15,2.076183e+15,3.458102e+15,1.897115e+15,1.259504e+15,1.810611e+15,1.359910e+15,1.090802e+15,1.280079e+15,6.739409e+14,1.389520e+15,6.987331e+14,5.006918e+14,4.036779e+14,3.411893e+14,4.038893e+14,2.293329e+14,1.670343e+14,1.562581e+14,1.754127e+14,1.642248e+14,1.560463e+14,1.973676e+14,9.308340e+13,6.458566e+13
1.911000,1.139509e+15,1.278289e+15,1.623562e+15,1.381900e+15,1.014378e+15,1.308673e+15,9.848947e+14,5.268195e+14,7.877428e+14,5.890355e+14,1.208525e+15,6.300658e+14,4.191412e+14,3.918335e+14,2.161548e+14,2.521864e+14,2.344506e+14,1.632855e+14,1.611995e+14,1.260002e+14,1.332970e+14,9.735704e+13,6.918195e+13,7.089844e+13,1.004363e+14
2.035000,5.168512e+15,2.928637e+15,5.047205e+15,3.382544e+15,3.500552e+15,2.591777e+15,2.428223e+15,1.544127e+15,2.255565e+15,1.417961e+15,1.922821e+15,1.681129e+15,9.110340e+14,8.396029e+14,5.293700e+14,3.522333e+14,5.589601e+14,3.092252e+14,2.255296e+14,3.058149e+14,2.489992e+14,1.545598e+14,2.151180e+14,1.728016e+14,1.908926e+14
2.167000,7.208165e+15,8.267287e+15,1.083200e+16,8.565569e+15,4.823714e+15,4.067763e+15,3.926991e+15,2.494934e+15,4.881467e+15,2.217255e+15,5.472646e+15,1.532885e+15,1.107939e+15,3.011242e+15,9.840210e+14,1.235044e+15,7.851875e+14,7.647835e+14,7.533438e+14,4.944293e+14,3.739889e+14,3.094853e+14,4.022239e+14,2.845488e+14,3.044605e+14
2.307000,1.727723e+15,2.170641e+15,2.062547e+15,1.631480e+15,9.773054e+14,1.458588e+15,1.197221e+15,4.964089e+14,1.215543e+15,1.009984e+15,8.626545e+14,4.495826e+14,3.843732e+14,1.032237e+15,1.730656e+14,1.536907e+14,1.910633e+14,1.795587e+14,1.231943e+14,1.223191e+14,8.834502e+13,5.507740e+13,6.514506e+13,5.753219e+13,6.008576e+13
2.457000,1.093981e+15,1.471837e+15,1.142146e+15,1.208635e+15,6.787876e+14,7.553654e+14,4.555326e+14,2.104055e+14,6.997543e+14,1.107048e+15,6.792585e+14,4.236643e+14,2.188933e+14,5.354092e+14,1.708058e+14,1.279277e+14,1.312303e+14,8.062488e+13,8.952976e+13,4.682551e+13,6.846311e+13,4.083169e+13,2.931272e+13,3.420071e+13,4.105096e+13
2.616000,2.734778e+15,2.585036e+15,4.914193e+15,2.899104e+15,3.102129e+15,2.661578e+15,3.153659e+15,1.011623e+15,1.914310e+15,1.470435e+15,1.797652e+15,1.512220e+15,7.859863e+14,4.566276e+14,6.558302e+14,2.512050e+14,3.336250e+14,2.793891e+14,1.675432e+14,1.543033e+14,1.251015e+14,9.641615e+13,1.303984e+14,1.165836e+14,6.800067e+13
2.785000,7.808832e+15,9.282118e+15,1.602364e+16,1.252944e+16,7.415080e+15,1.102544e+16,6.690344e+15,3.294566e+15,6.817446e+15,2.459990e+15,5.429685e+15,4.329516e+15,2.027154e+15,1.325019e+15,3.608936e+15,1.263440e+15,9.436669e+14,1.437559e+15,6.744567e+14,2.989512e+14,3.914200e+14,2.717978e+14,3.263389e+14,2.512944e+14,2.439224e+14
2.966000,3.185026e+15,2.484273e+15,3.329364e+15,2.499767e+15,2.598249e+15,1.626502e+15,2.105069e+15,6.901893e+14,1.304435e+15,4.226499e+14,9.256238e+14,9.449721e+14,5.263974e+14,3.088914e+14,9.332784e+14,2.362287e+14,2.625825e+14,1.746303e+14,1.566153e+14,7.678801e+13,7.280745e+13,6.824406e+13,1.202492e+14,5.162559e+13,8.289870e+13
3.158000,8.707080e+15,9.646168e+15,4.837373e+15,9.218974e+15,7.355949e+15,4.648733e+15,8.423426e+15,1.881940e+15,4.209577e+15,1.220831e+15,2.194881e+15,3.382589e+15,1.852587e+15,9.038864e+14,1.292702e+15,5.913805e+14,4.641579e+14,4.742034e+14,5.324616e+14,2.442159e+14,3.094368e+14,1.888624e+14,1.852494e+14,2.207889e+14,2.074930e+14
3.363000,6.293368e+14,7.479327e+14,7.524643e+14,5.636945e+14,5.340487e+14,5.075458e+14,4.589129e+14,3.774526e+14,3.500041e+14,1.121036e+14,1.827510e+14,1.498939e+14,1.331684e+14,5.741006e+13,7.102447e+13,4.769253e+13,3.612186e+13,5.440459e+13,3.261460e+13,1.773281e+13,1.231630e+13,1.503936e+13,1.715387e+13,1.157080e+13,1.657132e+13
3.581000,1.608497e+15,1.026192e+15,1.298152e+15,8.147588e+14,1.069275e+15,1.075166e+15,7.242305e+14,8.200761e+14,4.025368e+14,3.159139e+14,2.307154e+14,3.027243e+14,4.110769e+14,1.625965e+14,7.327162e+13,1.223558e+14,4.169097e+13,7.934042e+13,6.317449e+13,4.452953e+13,2.929962e+13,3.389065e+13,3.073672e+13,2.714132e+13,2.566836e+13
3.813000,1.390200e+15,1.382965e+15,5.905595e+14,6.873352e+14,8.076440e+14,5.575318e+14,6.182934e+14,4.734977e+14,3.565150e+14,1.981143e+14,1.723381e+14,1.756164e+14,2.285235e+14,2.271752e+14,5.392996e+13,6.702327e+13,3.673423e+13,2.905467e+13,3.270062e+13,2.543687e+13,3.202378e+13,2.537258e+13,8.862479e+12,1.586232e+13,1.908435e+13
4.060000,3.888418e+14,3.660594e+14,1.735345e+14,1.561649e+14,1.632061e+14,1.276222e+14,1.499308e+14,8.635397e+13,7.142863e+13,2.037705e+14,4.405854e+13,4.404658e+13,3.980041e+13,1.256018e+14,2.424548e+13,1.697338e+13,2.304523e+13,9.525847e+12,1.291149e+13,5.151107e+12,4.922433e+12,1.020495e+13,3.254685e+12,4.645659e+12,4.747675e+12
4.323000,3.760934e+14,4.557948e+14,2.047631e+14,1.491233e+14,3.067290e+14,1.689654e+14,1.190037e+14,9.832677e+13,9.994218e+13,1.718286e+14,5.383175e+13,6.645712e+13,1.018503e+14,4.880370e+13,3.500477e+13,2.449025e+13,1.729593e+13,1.211989e+13,1.624152e+13,6.614139e+12,6.478129e+12,6.478796e+12,8.949182e+12,4.866993e+12,6.148688e+12
4.603000,3.058176e+15,3.358303e+15,1.885155e+15,1.497702e+15,1.941016e+15,1.427775e+15,1.435532e+15,4.693440e+14,9.475942e+14,4.789331e+14,4.033460e+14,6.140009e+14,5.658335e+14,2.340817e+14,4.312810e+14,2.050656e+14,1.969365e+14,1.168055e+14,1.139115e+14,1.057194e+14,6.164049e+13,5.619655e+13,5.933776e+13,4.030089e+13,3.671271e+13
4.901000,1.791737e+14,1.790415e+14,1.181956e+14,1.196877e+14,1.105633e+14,1.010497e+14,7.547016e+13,3.580000e+13,2.635292e+13,2.694561e+13,5.185871e+13,3.652745e+13,7.114450e+13,1.024513e+13,1.060120e+14,1.898181e+13,1.754235e+13,1.232020e+13,1.269054e+13,6.774450e+12,6.381434e+12,4.601545e+12,4.034318e+12,3.560614e+12,7.362239e+12
5.218000,5.852783e+14,7.664587e+14,4.356463e+14,3.142790e+14,4.906494e+14,2.998460e+14,3.105858e+14,1.644303e+14,1.839684e+14,6.052946e+13,1.774382e+14,7.235075e+13,1.606869e+14,7.195229e+13,8.593380e+13,6.047258e+13,3.877213e+13,3.955067e+13,2.582406e+13,2.870961e+13,1.624331e+13,1.352487e+13,1.312138e+13,1.332108e+13,1.278185e+13
5.556000,1.148370e+15,9.864113e+14,7.396470e+14,4.523698e+14,5.126821e+14,4.841634e+14,3.404863e+14,4.172105e+14,2.151906e+14,4.671215e+14,1.922261e+14,1.823972e+14,1.791939e+14,3.670384e+14,1.041801e+14,1.128241e+14,6.506256e+13,5.185379e+13,5.302380e+13,3.139712e+13,1.650068e+13,1.558466e+13,2.092106e+13,1.030948e+13,2.001954e+13
5.916000,1.616630e+14,1.542879e+14,1.123714e+14,7.838809e+13,1.099478e+14,6.550181e+13,7.217468e+13,1.796048e+14,3.963258e+13,9.450652e+13,5.053902e+13,1.979713e+13,2.386225e+13,1.969466e+13,1.582987e+13,1.534600e+13,1.405721e+13,1.118052e+13,1.008599e+13,3.973601e+12,3.591413e+12,2.158841e+12,2.987381e+12,2.796298e+12,1.682030e+12
6.300000,2.598406e+14,3.198884e+14,1.927322e+14,2.523565e+14,2.023303e+14,1.860446e+14,1.570194e+14,1.839098e+14,1.011352e+14,6.251249e+13,1.651480e+14,5.417625e+13,4.511344e+13,3.562003e+13,3.891862e+13,2.337540e+13,2.958136e+13,2.612010e+13,1.531531e+13,8.643502e+12,7.496565e+12,7.962554e+12,9.935989e+12,8.331173e+12,4.856937e+12
6.708000,9.219544e+13,9.548800e+13,9.652579e+13,6.166997e+13,5.323420e+13,7.748652e+13,3.549796e+13,2.973027e+13,2.938109e+13,2.522535e+13,5.899282e+13,1.362798e+13,1.354419e+13,1.509356e+13,2.687510e+13,9.994944e+12,6.083179e+12,8.207854e+12,5.463093e+12,3.668185e+12,2.082643e+12,2.403051e+12,1.648167e+12,1.233325e+12,1.042164e+12
7.142000,6.000615e+13,8.623756e+13,6.683741e+13,7.762762e+13,5.068958e+13,6.993273e+13,4.107284e+13,2.336153e+13,3.667112e+13,5.388522e+13,5.950638e+13,1.950490e+13,1.224151e+13,4.247564e+13,1.395158e+13,1.205726e+13,8.157641e+12,6.805990e+12,5.159393e+12,3.710841e+12,1.994558e+12,1.431488e+12,2.323962e+12,1.133818e+12,1.155159e+12
7.605000,1.640543e+14,2.164636e+14,2.614841e+14,1.208476e+14,1.753965e+14,1.213971e+14,1.056012e+14,6.967662e+13,8.955030e+13,9.005169e+13,1.138215e+14,8.627603e+13,3.539954e+13,3.318424e+13,2.438404e+13,1.189623e+13,1.849468e+13,1.271326e+13,1.299966e+13,6.704030e+12,5.470855e+12,3.989060e+12,3.759351e+12,2.620968e+12,2.372686e+12
8.098000,5.329511e+13,3.944454e+13,6.459696e+13,3.970479e+13,2.534827e+13,3.505371e+13,3.648563e+13,2.882982e+13,2.610243e+13,1.039594e+13,1.798033e+13,1.485151e+13,7.764371e+12,5.047290e+12,4.955025e+12,3.655266e+12,3.166096e+12,2.356427e+12,2.442017e+12,1.120360e+12,7.365263e+11,8.304741e+11,5.061573e+11,3.329465e+11,4.965774e+11
8.622000,2.139805e+13,2.213187e+13,5.770687e+13,3.619299e+13,1.833838e+13,3.649422e+13,1.898767e+13,2.204091e+13,2.452422e+13,9.162290e+12,5.011103e+12,1.011104e+13,3.476380e+12,6.213641e+12,6.751818e+12,2.809964e+12,1.950068e+12,1.311135e+12,1.343496e+12,6.237758e+11,2.591842e+11,3.860956e+11,3.759627e+11,2.566114e+11,2.311134e+11
9.181000,2.104221e+14,1.254175e+14,5.036310e+14,3.517718e+14,1.287296e+14,3.251720e+14,1.432339e+14,3.585602e+13,1.124734e+14,1.014792e+14,4.527217e+13,5.409059e+13,2.071832e+13,1.833726e+13,1.956104e+13,1.851486e+13,1.366715e+13,5.865691e+12,7.473684e+12,3.468298e+12,1.879231e+12,2.047747e+12,2.114488e+12,1.586321e+12,1.459099e+12
9.776000,4.664185e+13,7.297924e+13,9.287006e+13,7.666433e+13,4.510120e+13,3.803486e+13,5.324604e+13,1.492788e+13,2.940569e+13,7.096268e+12,1.147180e+13,5.697660e+12,8.384334e+12,3.168136e+12,3.172902e+12,4.466302e+12,2.916471e+12,2.937204e+12,1.353677e+12,1.164372e+12,6.493717e+11,7.516783e+11,4.223553e+11,2.310553e+11,2.400222e+11
10.409000,1.034278e+14,9.541176e+13,7.841675e+13,4.398695e+13,6.534527e+13,4.114771e+13,6.373095e+13,2.587794e+13,2.276004e+13,1.390144e+13,1.707736e+13,5.763852e+12,1.215256e+13,1.659172e+13,5.806340e+12,5.851362e+12,4.125559e+12,2.226024e+12,2.212038e+12,8.578957e+11,5.471518e+11,5.854152e+11,4.271630e+11,2.569296e+11,4.004088e+11
11.083000,1.857847e+14,1.802624e+14,3.248679e+13,3.939699e+13,7.826494e+13,5.648497e+13,4.323867e+13,5.645190e+13,3.150886e+13,6.846548e+12,2.149558e+13,1.145263e+13,1.841728e+13,2.155263e+12,5.201794e+12,4.047306e+12,4.174180e+12,3.099815e+12,1.448782e+12,1.089997e+12,5.443178e+11,3.508205e+11,2.973605e+11,2.827687e+11,3.704684e+11
11.801000,3.328277e+13,6.205859e+13,1.971032e+13,1.121758e+13,1.708966e+13,1.252820e+13,8.698936e+12,4.122722e+12,4.931038e+12,4.167441e+12,9.924374e+12,2.498018e+12,6.134670e+12,2.264182e+12,1.281274e+12,2.048549e+12,1.217179e+12,9.607140e+11,7.661851e+11,2.603521e+11,1.700901e+11,1.602145e+11,1.122881e+11,7.854939e+10,8.674583e+10
12.566000,8.036489e+12,1.054645e+13,3.801135e+12,3.264692e+12,4.779127e+12,2.374575e+12,2.043457e+12,1.219142e+12,1.455780e+12,1.348891e+12,2.342278e+12,3.531948e+11,8.925687e+11,2.257740e+11,6.270542e+11,2.337714e+11,2.000300e+11,2.131750e+11,1.171531e+11,5.145575e+10,1.610480e+10,1.948085e+10,2.245448e+10,1.120600e+10,1.732112e+10
13.380000,1.284188e+13,1.169914e+13,1.552666e+13,3.836663e+12,4.747606e+12,6.446824e+12,6.074480e+12,8.019847e+12,3.530897e+12,1.945544e+12,2.225405e+12,1.636278e+12,1.272492e+12,4.154076e+11,3.404492e+11,6.235124e+11,5.216304e+11,3.263232e+11,2.399524e+11,1.512247e+11,3.826505e+10,6.518488e+10,4.224621e+10,1.918990e+10,3.232678e+10
14.247000,1.870413e+12,1.801823e+12,2.459890e+12,1.702928e+12,1.108701e+12,1.768858e+12,1.373973e+12,3.514723e+11,9.104977e+11,9.018766e+11,3.849909e+11,5.957377e+11,1.727090e+11,2.342836e+10,7.160821e+10,1.684736e+11,9.317203e+10,8.487064e+10,4.138651e+10,1.789240e+10,1.092051e+10,5.709289e+09,6.767342e+09,5.627549e+09,5.766779e+09
15.170000,1.335868e+13,1.880435e+13,2.208576e+13,2.722569e+13,1.283147e+13,2.759517e+13,1.210265e+13,9.446918e+12,7.459953e+12,2.204168e+12,3.326058e+12,3.182313e+12,1.731406e+12,3.775908e+12,1.071281e+12,1.033094e+12,8.476026e+11,8.615101e+11,3.896460e+11,1.685329e+11,8.392652e+10,7.361275e+10,5.560517e+10,3.179785e+10,3.551951e+10
16.153000,1.116588e+13,1.869868e+13,1.030540e+13,6.161832e+12,7.640452e+12,8.084502e+12,2.091592e+13,2.733375e+12,3.568688e+12,8.286322e+11,3.533198e+12,9.355146e+11,5.331936e+11,2.809174e+11,2.545541e+11,6.480137e+11,3.673645e+11,3.195819e+11,1.939190e+11,5.367032e+10,3.327015e+10,3.250379e+10,2.016222e+10,2.370035e+10,9.223226e+09
17.199000,8.864556e+12,1.526755e+13,1.104354e+13,2.652353e+12,9.963172e+12,3.616118e+12,7.899907e+12,1.336266e+12,1.350465e+12,3.160053e+12,2.759169e+12,2.802528e+11,7.334273e+11,1.657975e+11,2.044422e+11,2.675996e+11,1.419690e+11,2.337000e+11,1.066678e+11,4.130402e+10,1.553722e+10,1.584799e+10,1.197454e+10,1.313321e+10,1.094150e+10
18.314000,1.350900e+13,8.814400e+12,4.405496e+12,1.110205e+12,2.237288e+12,1.644418e+12,1.170421e+12,2.221328e+12,8.358748e+11,6.862159e+10,6.506283e+11,2.324463e+11,2.441240e+11,2.577879e+11,1.481834e+11,1.529925e+11,1.544433e+11,7.595460e+10,3.829193e+10,1.847921e+10,6.989782e+09,5.882002e+09,5.842910e+09,3.163824e+09,3.158763e+09
19.500000,1.224317e+13,9.026753e+12,3.737870e+12,2.501880e+12,2.558524e+12,3.053423e+12,1.240482e+12,9.311944e+11,1.474581e+12,4.904547e+10,4.950246e+11,4.050342e+11,4.977621e+11,1.728248e+10,4.367291e+10,1.787190e+11,7.357111e+10,9.693972e+10,4.252120e+10,1.245733e+10,4.434887e+09,5.955346e+09,4.055136e+09,2.557605e+09,1.469137e+09
20.763000,3.926982e+12,6.056026e+12,8.041402e+12,3.768635e+12,1.652315e+12,2.678846e+12,1.626725e+12,8.333112e+11,1.648565e+12,2.211585e+11,5.771336e+11,3.504101e+11,2.264059e+11,3.450672e+10,7.142855e+10,1.154320e+11,6.456017e+10,6.839541e+10,3.048451e+10,8.099200e+09,3.095558e+09,2.411297e+09,2.874036e+09,1.356655e+09,6.752184e+08
22.109000,3.047791e+12,2.474941e+12,5.230625e+12,2.822638e+12,2.038898e+12,3.907118e+12,1.816285e+12,3.510552e+11,6.797409e+11,8.871295e+11,4.573757e+11,8.294389e+10,1.766987e+11,4.466033e+10,7.003805e+10,8.017693e+10,5.369655e+10,6.063378e+10,2.060733e+10,6.402346e+09,1.560252e+09,1.986654e+09,1.283682e+09,7.212112e+08,7.312369e+08
23.541000,5.199524e+11,9.250762e+11,1.909173e+11,2.329264e+11,4.211851e+11,1.851619e+11,3.600758e+11,6.967182e+10,4.662683e+10,4.734412e+10,5.326924e+10,2.554288e+10,7.706521e+09,7.996292e+09,5.283580e+09,7.552755e+09,6.197438e+09,4.958340e+09,2.423753e+09,7.504508e+08,2.157341e+08,1.274413e+08,1.732978e+08,7.143589e+07,7.700725e+07
25.066000,4.261592e+11,1.089159e+12,4.010165e+11,1.887764e+11,2.808112e+11,9.333873e+10,2.874043e+11,1.871570e+11,5.717260e+10,1.912378e+10,4.901805e+10,2.354078e+10,1.035309e+10,7.102616e+09,2.649873e+09,7.735409e+09,3.513878e+09,3.407945e+09,1.524092e+09,4.968253e+08,1.664610e+08,7.326084e+07,9.534927e+07,6.024868e+07,3.839883e+07
26.690000,2.285995e+11,3.404313e+11,2.820796e+11,1.141496e+11,5.015031e+10,6.650485e+10,5.101491e+10,1.079215e+10,4.269965e+10,4.133257e+09,1.891431e+10,4.178645e+09,5.128660e+09,9.408276e+08,1.043026e+09,1.379301e+09,1.280701e+09,9.127277e+08,3.467055e+08,4.941167e+07,2.150791e+07,2.071673e+07,1.713771e+07,7.801767e+06,6.267373e+06
28.419000,7.623368e+10,1.046447e+11,1.596796e+11,5.500065e+10,4.922259e+10,1.245725e+11,5.271079e+10,2.300607e+09,7.524520e+09,2.488268e+09,7.292825e+09,6.039558e+08,3.281776e+09,1.747440e+09,1.668876e+09,7.968534e+08,8.520591e+08,4.473354e+08,1.951166e+08,4.671466e+07,1.509820e+07,7.585632e+06,8.475439e+06,5.469550e+06,3.404887e+06
30.260000,1.029546e+11,1.674328e+11,1.334889e+11,8.017151e+10,4.142562e+10,5.262488e+10,6.734953e+10,1.791521e+10,1.507411e+10,8.210344e+09,5.884557e+09,6.061639e+08,1.862035e+09,4.379085e+08,1.398367e+09,4.476975e+08,6.859414e+08,5.329201e+08,1.882040e+08,3.673248e+07,8.758965e+06,6.644673e+06,7.346982e+06,1.696273e+06,2.914526e+06
32.221000,2.214379e+11,4.420752e+11,4.797020e+11,1.442435e+11,3.047125e+11,1.640830e+11,5.449803e+10,8.214450e+10,9.911332e+10,2.828407e+10,4.045115e+10,3.145496e+09,5.805494e+09,7.147840e+08,1.495337e+09,1.492437e+09,9.644581e+08,1.087602e+09,2.147019e+08,2.932531e+07,1.348098e+07,5.649898e+06,8.009590e+06,3.152495e+06,2.488327e+06
34.308000,3.344202e+11,4.341186e+11,1.888355e+11,8.804156e+10,1.668272e+10,1.247811e+11,6.545396e+10,1.894696e+10,1.174806e+10,4.061696e+09,3.691336e+09,5.964497e+08,1.503005e+09,8.396671e+08,3.807859e+08,5.870898e+08,4.538784e+08,4.123753e+08,5.794477e+07,6.156771e+06,2.519370e+06,2.117955e+06,2.105383e+06,4.387684e+05,4.820282e+05
36.531000,2.456630e+10,9.965393e+10,6.659762e+10,1.611654e+10,1.306151e+10,7.240070e+10,8.229802e+10,1.234272e+10,1.179180e+10,6.302719e+09,5.725504e+09,1.712671e+09,7.835826e+08,7.778571e+08,4.199186e+08,2.049714e+08,8.195063e+07,8.578159e+07,2.186076e+07,6.615685e+06,4.381095e+05,6.865271e+05,2.263587e+05,1.420500e+05,1.999410e+05
38.897000,1.344260e+10,1.527721e+10,2.103904e+10,4.048631e+09,4.200688e+09,5.311826e+09,5.099316e+09,9.241128e+08,3.371729e+09,7.036853e+08,4.278155e+08,3.973475e+07,3.795627e+07,2.680605e+07,5.647755e+07,2.322685e+07,1.153646e+07,1.359184e+07,1.483392e+06,2.400490e+05,2.803191e+04,4.180771e+04,5.510756e+04,1.004272e+04,9.634834e+03
41.417000,2.305760e+10,1.004412e+10,6.781267e+09,4.957316e+09,1.581700e+09,4.444311e+09,5.397491e+09,3.255785e+08,3.893134e+08,9.209742e+08,5.833850e+08,1.734496e+08,2.427184e+07,3.771394e+07,1.781011e+07,6.286589e+06,5.956404e+06,7.048109e+06,9.204306e+05,7.552648e+04,2.758603e+04,1.564785e+04,7.589914e+03,2.857746e+03,3.698825e+03
44.101000,3.749549e+09,8.963193e+09,5.532939e+09,2.013438e+09,2.334573e+09,2.066317e+09,3.401166e+09,7.654581e+08,1.479025e+09,1.870967e+08,1.653079e+08,3.735932e+07,7.642128e+07,2.528710e+07,2.827824e+07,3.134497e+06,2.453584e+06,1.381287e+06,6.596032e+05,1.611561e+04,5.438238e+03,4.495412e+03,4.971035e+03,1.130603e+03,1.073103e+03
46.958000,4.927560e+10,1.024266e+10,4.864386e+09,4.278188e+09,1.555555e+10,1.335497e+10,8.321921e+09,4.637984e+08,1.339112e+09,1.227764e+09,4.591070e+08,5.227640e+07,2.521152e+07,3.141609e+07,1.517419e+07,8.479030e+06,3.472067e+06,2.037083e+06,4.517874e+05,1.319221e+04,1.234847e+04,4.376474e+03,4.419562e+03,1.064456e+03,7.747843e+02
50.000000,4.243570e+09,5.041274e+09,3.844509e+09,2.146475e+09,9.516226e+08,9.297891e+08,5.531546e+08,3.349838e+08,1.953738e+08,2.919488e+08,6.995413e+07,1.690240e+07,8.959472e+06,1.644885e+07,1.950163e+07,1.298392e+06,9.268986e+05,6.075125e+05,1.798113e+05,4.682425e+03,2.079990e+03,1.390004e+02,9.606405e+02,1.254230e+02,1.691386e+02
